1F600	Smileys & Emotion	grinning face
1F603	Smileys & Emotion	grinning face with big eyes
1F604	Smileys & Emotion	grinning face with smiling eyes
1F601	Smileys & Emotion	beaming face with smiling eyes
1F606	Smileys & Emotion	grinning squinting face
1F605	Smileys & Emotion	grinning face with sweat
1F923	Smileys & Emotion	rolling on the floor laughing
1F602	Smileys & Emotion	face with tears of joy
1F642	Smileys & Emotion	slightly smiling face
1F643	Smileys & Emotion	upside-down face
1FAE0	Smileys & Emotion	melting face
1F609	Smileys & Emotion	winking face
1F60A	Smileys & Emotion	smiling face with smiling eyes
1F607	Smileys & Emotion	smiling face with halo
1F970	Smileys & Emotion	smiling face with hearts
1F60D	Smileys & Emotion	smiling face with heart-eyes
1F929	Smileys & Emotion	star-struck
1F618	Smileys & Emotion	face blowing a kiss
1F617	Smileys & Emotion	kissing face
263A	Smileys & Emotion	smiling face
1F61A	Smileys & Emotion	kissing face with closed eyes
1F619	Smileys & Emotion	kissing face with smiling eyes
1F972	Smileys & Emotion	smiling face with tear
1F60B	Smileys & Emotion	face savoring food
1F61B	Smileys & Emotion	face with tongue
1F61C	Smileys & Emotion	winking face with tongue
1F92A	Smileys & Emotion	zany face
1F61D	Smileys & Emotion	squinting face with tongue
1F911	Smileys & Emotion	money-mouth face
1F917	Smileys & Emotion	smiling face with open hands
1F92D	Smileys & Emotion	face with hand over mouth
1FAE2	Smileys & Emotion	face with open eyes and hand over mouth
1FAE3	Smileys & Emotion	face with peeking eye
1F92B	Smileys & Emotion	shushing face
1F914	Smileys & Emotion	thinking face
1FAE1	Smileys & Emotion	saluting face
1F910	Smileys & Emotion	zipper-mouth face
1F928	Smileys & Emotion	face with raised eyebrow
1F610	Smileys & Emotion	neutral face
1F611	Smileys & Emotion	expressionless face
1F636	Smileys & Emotion	face without mouth
1FAE5	Smileys & Emotion	dotted line face
1F60F	Smileys & Emotion	smirking face
1F612	Smileys & Emotion	unamused face
1F644	Smileys & Emotion	face with rolling eyes
1F62C	Smileys & Emotion	grimacing face
1F925	Smileys & Emotion	lying face
1FAE8	Smileys & Emotion	shaking face
1F60C	Smileys & Emotion	relieved face
1F614	Smileys & Emotion	pensive face
1F62A	Smileys & Emotion	sleepy face
1F924	Smileys & Emotion	drooling face
1F634	Smileys & Emotion	sleeping face
1F637	Smileys & Emotion	face with medical mask
1F912	Smileys & Emotion	face with thermometer
1F915	Smileys & Emotion	face with head-bandage
1F922	Smileys & Emotion	nauseated face
1F92E	Smileys & Emotion	face vomiting
1F927	Smileys & Emotion	sneezing face
1F975	Smileys & Emotion	hot face
1F976	Smileys & Emotion	cold face
1F974	Smileys & Emotion	woozy face
1F635	Smileys & Emotion	face with crossed-out eyes
1F92F	Smileys & Emotion	exploding head
1F920	Smileys & Emotion	cowboy hat face
1F973	Smileys & Emotion	partying face
1F978	Smileys & Emotion	disguised face
1F60E	Smileys & Emotion	smiling face with sunglasses
1F913	Smileys & Emotion	nerd face
1F9D0	Smileys & Emotion	face with monocle
1F615	Smileys & Emotion	confused face
1FAE4	Smileys & Emotion	face with diagonal mouth
1F61F	Smileys & Emotion	worried face
1F641	Smileys & Emotion	slightly frowning face
2639	Smileys & Emotion	frowning face
1F62E	Smileys & Emotion	face with open mouth
1F62F	Smileys & Emotion	hushed face
1F632	Smileys & Emotion	astonished face
1F633	Smileys & Emotion	flushed face
1F97A	Smileys & Emotion	pleading face
1F979	Smileys & Emotion	face holding back tears
1F626	Smileys & Emotion	frowning face with open mouth
1F627	Smileys & Emotion	anguished face
1F628	Smileys & Emotion	fearful face
1F630	Smileys & Emotion	anxious face with sweat
1F625	Smileys & Emotion	sad but relieved face
1F622	Smileys & Emotion	crying face
1F62D	Smileys & Emotion	loudly crying face
1F631	Smileys & Emotion	face screaming in fear
1F616	Smileys & Emotion	confounded face
1F623	Smileys & Emotion	persevering face
1F61E	Smileys & Emotion	disappointed face
1F613	Smileys & Emotion	downcast face with sweat
1F629	Smileys & Emotion	weary face
1F62B	Smileys & Emotion	tired face
1F971	Smileys & Emotion	yawning face
1F624	Smileys & Emotion	face with steam from nose
1F621	Smileys & Emotion	enraged face
1F620	Smileys & Emotion	angry face
1F92C	Smileys & Emotion	face with symbols on mouth
1F608	Smileys & Emotion	smiling face with horns
1F47F	Smileys & Emotion	angry face with horns
1F480	Smileys & Emotion	skull
2620	Smileys & Emotion	skull and crossbones
1F4A9	Smileys & Emotion	pile of poo
1F921	Smileys & Emotion	clown face
1F479	Smileys & Emotion	ogre
1F47A	Smileys & Emotion	goblin
1F47B	Smileys & Emotion	ghost
1F47D	Smileys & Emotion	alien
1F47E	Smileys & Emotion	alien monster
1F916	Smileys & Emotion	robot
1F63A	Smileys & Emotion	grinning cat
1F638	Smileys & Emotion	grinning cat with smiling eyes
1F639	Smileys & Emotion	cat with tears of joy
1F63B	Smileys & Emotion	smiling cat with heart-eyes
1F63C	Smileys & Emotion	cat with wry smile
1F63D	Smileys & Emotion	kissing cat
1F640	Smileys & Emotion	weary cat
1F63F	Smileys & Emotion	crying cat
1F63E	Smileys & Emotion	pouting cat
1F648	Smileys & Emotion	see-no-evil monkey
1F649	Smileys & Emotion	hear-no-evil monkey
1F64A	Smileys & Emotion	speak-no-evil monkey
1F48C	Smileys & Emotion	love letter
1F498	Smileys & Emotion	heart with arrow
1F49D	Smileys & Emotion	heart with ribbon
1F496	Smileys & Emotion	sparkling heart
1F497	Smileys & Emotion	growing heart
1F493	Smileys & Emotion	beating heart
1F49E	Smileys & Emotion	revolving hearts
1F495	Smileys & Emotion	two hearts
1F49F	Smileys & Emotion	heart decoration
2763	Smileys & Emotion	heart exclamation
1F494	Smileys & Emotion	broken heart
2764	Smileys & Emotion	red heart
1FA77	Smileys & Emotion	pink heart
1F9E1	Smileys & Emotion	orange heart
1F49B	Smileys & Emotion	yellow heart
1F49A	Smileys & Emotion	green heart
1F499	Smileys & Emotion	blue heart
1FA75	Smileys & Emotion	light blue heart
1F49C	Smileys & Emotion	purple heart
1F90E	Smileys & Emotion	brown heart
1F5A4	Smileys & Emotion	black heart
1FA76	Smileys & Emotion	grey heart
1F90D	Smileys & Emotion	white heart
1F48B	Smileys & Emotion	kiss mark
1F4AF	Smileys & Emotion	hundred points
1F4A2	Smileys & Emotion	anger symbol
1F4A5	Smileys & Emotion	collision
1F4AB	Smileys & Emotion	dizzy
1F4A6	Smileys & Emotion	sweat droplets
1F4A8	Smileys & Emotion	dashing away
1F573	Smileys & Emotion	hole
1F4AC	Smileys & Emotion	speech balloon
1F5E8	Smileys & Emotion	left speech bubble
1F5EF	Smileys & Emotion	right anger bubble
1F4AD	Smileys & Emotion	thought balloon
1F4A4	Smileys & Emotion	ZZZ
1F44B	People & Body	waving hand
1F91A	People & Body	raised back of hand
1F590	People & Body	hand with fingers splayed
270B	People & Body	raised hand
1F596	People & Body	vulcan salute
1FAF1	People & Body	rightwards hand
1FAF2	People & Body	leftwards hand
1FAF3	People & Body	palm down hand
1FAF4	People & Body	palm up hand
1FAF7	People & Body	leftwards pushing hand
1FAF8	People & Body	rightwards pushing hand
1F44C	People & Body	OK hand
1F90C	People & Body	pinched fingers
1F90F	People & Body	pinching hand
270C	People & Body	victory hand
1F91E	People & Body	crossed fingers
1FAF0	People & Body	hand with index finger and thumb crossed
1F91F	People & Body	love-you gesture
1F918	People & Body	sign of the horns
1F919	People & Body	call me hand
1F448	People & Body	backhand index pointing left
1F449	People & Body	backhand index pointing right
1F446	People & Body	backhand index pointing up
1F595	People & Body	middle finger
1F447	People & Body	backhand index pointing down
261D	People & Body	index pointing up
1FAF5	People & Body	index pointing at the viewer
1F44D	People & Body	thumbs up
1F44E	People & Body	thumbs down
270A	People & Body	raised fist
1F44A	People & Body	oncoming fist
1F91B	People & Body	left-facing fist
1F91C	People & Body	right-facing fist
1F44F	People & Body	clapping hands
1F64C	People & Body	raising hands
1FAF6	People & Body	heart hands
1F450	People & Body	open hands
1F932	People & Body	palms up together
1F91D	People & Body	handshake
1F64F	People & Body	folded hands
270D	People & Body	writing hand
1F485	People & Body	nail polish
1F933	People & Body	selfie
1F4AA	People & Body	flexed biceps
1F9BE	People & Body	mechanical arm
1F9BF	People & Body	mechanical leg
1F9B5	People & Body	leg
1F9B6	People & Body	foot
1F442	People & Body	ear
1F9BB	People & Body	ear with hearing aid
1F443	People & Body	nose
1F9E0	People & Body	brain
1FAC0	People & Body	anatomical heart
1FAC1	People & Body	lungs
1F9B7	People & Body	tooth
1F9B4	People & Body	bone
1F440	People & Body	eyes
1F441	People & Body	eye
1F445	People & Body	tongue
1F444	People & Body	mouth
1FAE6	People & Body	biting lip
1F476	People & Body	baby
1F9D2	People & Body	child
1F466	People & Body	boy
1F467	People & Body	girl
1F9D1	People & Body	person
1F471	People & Body	person: blond hair
1F468	People & Body	man
1F9D4	People & Body	person: beard
1F469	People & Body	woman
1F9D3	People & Body	older person
1F474	People & Body	old man
1F475	People & Body	old woman
1F64D	People & Body	person frowning
1F64E	People & Body	person pouting
1F645	People & Body	person gesturing NO
1F646	People & Body	person gesturing OK
1F481	People & Body	person tipping hand
1F64B	People & Body	person raising hand
1F9CF	People & Body	deaf person
1F647	People & Body	person bowing
1F926	People & Body	person facepalming
1F937	People & Body	person shrugging
1F46E	People & Body	police officer
1F575	People & Body	detective
1F482	People & Body	guard
1F977	People & Body	ninja
1F477	People & Body	construction worker
1FAC5	People & Body	person with crown
1F934	People & Body	prince
1F478	People & Body	princess
1F473	People & Body	person wearing turban
1F472	People & Body	person with skullcap
1F9D5	People & Body	woman with headscarf
1F935	People & Body	person in tuxedo
1F470	People & Body	person with veil
1F930	People & Body	pregnant woman
1FAC3	People & Body	pregnant man
1FAC4	People & Body	pregnant person
1F931	People & Body	breast-feeding
1F47C	People & Body	baby angel
1F385	People & Body	Santa Claus
1F936	People & Body	Mrs. Claus
1F9B8	People & Body	superhero
1F9B9	People & Body	supervillain
1F9D9	People & Body	mage
1F9DA	People & Body	fairy
1F9DB	People & Body	vampire
1F9DC	People & Body	merperson
1F9DD	People & Body	elf
1F9DE	People & Body	genie
1F9DF	People & Body	zombie
1F9CC	People & Body	troll
1F486	People & Body	person getting massage
1F487	People & Body	person getting haircut
1F6B6	People & Body	person walking
1F9CD	People & Body	person standing
1F9CE	People & Body	person kneeling
1F3C3	People & Body	person running
1F483	People & Body	woman dancing
1F57A	People & Body	man dancing
1F574	People & Body	person in suit levitating
1F46F	People & Body	people with bunny ears
1F9D6	People & Body	person in steamy room
1F9D7	People & Body	person climbing
1F93A	People & Body	person fencing
1F3C7	People & Body	horse racing
26F7	People & Body	skier
1F3C2	People & Body	snowboarder
1F3CC	People & Body	person golfing
1F3C4	People & Body	person surfing
1F6A3	People & Body	person rowing boat
1F3CA	People & Body	person swimming
26F9	People & Body	person bouncing ball
1F3CB	People & Body	person lifting weights
1F6B4	People & Body	person biking
1F6B5	People & Body	person mountain biking
1F938	People & Body	person cartwheeling
1F93C	People & Body	people wrestling
1F93D	People & Body	person playing water polo
1F93E	People & Body	person playing handball
1F939	People & Body	person juggling
1F9D8	People & Body	person in lotus position
1F6C0	People & Body	person taking bath
1F6CC	People & Body	person in bed
1F46D	People & Body	women holding hands
1F46B	People & Body	woman and man holding hands
1F46C	People & Body	men holding hands
1F48F	People & Body	kiss
1F491	People & Body	couple with heart
1F5E3	People & Body	speaking head
1F464	People & Body	bust in silhouette
1F465	People & Body	busts in silhouette
1FAC2	People & Body	people hugging
1F46A	People & Body	family
1F463	People & Body	footprints
1F435	Animals & Nature	monkey face
1F412	Animals & Nature	monkey
1F98D	Animals & Nature	gorilla
1F9A7	Animals & Nature	orangutan
1F436	Animals & Nature	dog face
1F415	Animals & Nature	dog
1F9AE	Animals & Nature	guide dog
1F429	Animals & Nature	poodle
1F43A	Animals & Nature	wolf
1F98A	Animals & Nature	fox
1F99D	Animals & Nature	raccoon
1F431	Animals & Nature	cat face
1F408	Animals & Nature	cat
1F981	Animals & Nature	lion
1F42F	Animals & Nature	tiger face
1F405	Animals & Nature	tiger
1F406	Animals & Nature	leopard
1F434	Animals & Nature	horse face
1FACE	Animals & Nature	moose
1FACF	Animals & Nature	donkey
1F40E	Animals & Nature	horse
1F984	Animals & Nature	unicorn
1F993	Animals & Nature	zebra
1F98C	Animals & Nature	deer
1F9AC	Animals & Nature	bison
1F42E	Animals & Nature	cow face
1F402	Animals & Nature	ox
1F403	Animals & Nature	water buffalo
1F404	Animals & Nature	cow
1F437	Animals & Nature	pig face
1F416	Animals & Nature	pig
1F417	Animals & Nature	boar
1F43D	Animals & Nature	pig nose
1F40F	Animals & Nature	ram
1F411	Animals & Nature	ewe
1F410	Animals & Nature	goat
1F42A	Animals & Nature	camel
1F42B	Animals & Nature	two-hump camel
1F999	Animals & Nature	llama
1F992	Animals & Nature	giraffe
1F418	Animals & Nature	elephant
1F9A3	Animals & Nature	mammoth
1F98F	Animals & Nature	rhinoceros
1F99B	Animals & Nature	hippopotamus
1F42D	Animals & Nature	mouse face
1F401	Animals & Nature	mouse
1F400	Animals & Nature	rat
1F439	Animals & Nature	hamster
1F430	Animals & Nature	rabbit face
1F407	Animals & Nature	rabbit
1F43F	Animals & Nature	chipmunk
1F9AB	Animals & Nature	beaver
1F994	Animals & Nature	hedgehog
1F987	Animals & Nature	bat
1F43B	Animals & Nature	bear
1F428	Animals & Nature	koala
1F43C	Animals & Nature	panda
1F9A5	Animals & Nature	sloth
1F9A6	Animals & Nature	otter
1F9A8	Animals & Nature	skunk
1F998	Animals & Nature	kangaroo
1F9A1	Animals & Nature	badger
1F43E	Animals & Nature	paw prints
1F983	Animals & Nature	turkey
1F414	Animals & Nature	chicken
1F413	Animals & Nature	rooster
1F423	Animals & Nature	hatching chick
1F424	Animals & Nature	baby chick
1F425	Animals & Nature	front-facing baby chick
1F426	Animals & Nature	bird
1F427	Animals & Nature	penguin
1F54A	Animals & Nature	dove
1F985	Animals & Nature	eagle
1F986	Animals & Nature	duck
1F9A2	Animals & Nature	swan
1F989	Animals & Nature	owl
1F9A4	Animals & Nature	dodo
1FAB6	Animals & Nature	feather
1F9A9	Animals & Nature	flamingo
1F99A	Animals & Nature	peacock
1F99C	Animals & Nature	parrot
1FABD	Animals & Nature	wing
1FABF	Animals & Nature	goose
1F438	Animals & Nature	frog
1F40A	Animals & Nature	crocodile
1F422	Animals & Nature	turtle
1F98E	Animals & Nature	lizard
1F40D	Animals & Nature	snake
1F432	Animals & Nature	dragon face
1F409	Animals & Nature	dragon
1F995	Animals & Nature	sauropod
1F996	Animals & Nature	T-Rex
1F433	Animals & Nature	spouting whale
1F40B	Animals & Nature	whale
1F42C	Animals & Nature	dolphin
1F9AD	Animals & Nature	seal
1F41F	Animals & Nature	fish
1F420	Animals & Nature	tropical fish
1F421	Animals & Nature	blowfish
1F988	Animals & Nature	shark
1F419	Animals & Nature	octopus
1F41A	Animals & Nature	spiral shell
1FAB8	Animals & Nature	coral
1FABC	Animals & Nature	jellyfish
1F40C	Animals & Nature	snail
1F98B	Animals & Nature	butterfly
1F41B	Animals & Nature	bug
1F41C	Animals & Nature	ant
1F41D	Animals & Nature	honeybee
1FAB2	Animals & Nature	beetle
1F41E	Animals & Nature	lady beetle
1F997	Animals & Nature	cricket
1FAB3	Animals & Nature	cockroach
1F577	Animals & Nature	spider
1F578	Animals & Nature	spider web
1F982	Animals & Nature	scorpion
1F99F	Animals & Nature	mosquito
1FAB0	Animals & Nature	fly
1FAB1	Animals & Nature	worm
1F9A0	Animals & Nature	microbe
1F490	Animals & Nature	bouquet
1F338	Animals & Nature	cherry blossom
1F4AE	Animals & Nature	white flower
1FAB7	Animals & Nature	lotus
1F3F5	Animals & Nature	rosette
1F339	Animals & Nature	rose
1F940	Animals & Nature	wilted flower
1F33A	Animals & Nature	hibiscus
1F33B	Animals & Nature	sunflower
1F33C	Animals & Nature	blossom
1F337	Animals & Nature	tulip
1FABB	Animals & Nature	hyacinth
1F331	Animals & Nature	seedling
1FAB4	Animals & Nature	potted plant
1F332	Animals & Nature	evergreen tree
1F333	Animals & Nature	deciduous tree
1F334	Animals & Nature	palm tree
1F335	Animals & Nature	cactus
1F33E	Animals & Nature	sheaf of rice
1F33F	Animals & Nature	herb
2618	Animals & Nature	shamrock
1F340	Animals & Nature	four leaf clover
1F341	Animals & Nature	maple leaf
1F342	Animals & Nature	fallen leaf
1F343	Animals & Nature	leaf fluttering in wind
1FAB9	Animals & Nature	empty nest
1FABA	Animals & Nature	nest with eggs
1F344	Animals & Nature	mushroom
1F347	Food & Drink	grapes
1F348	Food & Drink	melon
1F349	Food & Drink	watermelon
1F34A	Food & Drink	tangerine
1F34B	Food & Drink	lemon
1F34C	Food & Drink	banana
1F34D	Food & Drink	pineapple
1F96D	Food & Drink	mango
1F34E	Food & Drink	red apple
1F34F	Food & Drink	green apple
1F350	Food & Drink	pear
1F351	Food & Drink	peach
1F352	Food & Drink	cherries
1F353	Food & Drink	strawberry
1FAD0	Food & Drink	blueberries
1F95D	Food & Drink	kiwi fruit
1F345	Food & Drink	tomato
1FAD2	Food & Drink	olive
1F965	Food & Drink	coconut
1F951	Food & Drink	avocado
1F346	Food & Drink	eggplant
1F954	Food & Drink	potato
1F955	Food & Drink	carrot
1F33D	Food & Drink	ear of corn
1F336	Food & Drink	hot pepper
1FAD1	Food & Drink	bell pepper
1F952	Food & Drink	cucumber
1F96C	Food & Drink	leafy green
1F966	Food & Drink	broccoli
1F9C4	Food & Drink	garlic
1F9C5	Food & Drink	onion
1F95C	Food & Drink	peanuts
1FAD8	Food & Drink	beans
1F330	Food & Drink	chestnut
1FADA	Food & Drink	ginger root
1FADB	Food & Drink	pea pod
1F35E	Food & Drink	bread
1F950	Food & Drink	croissant
1F956	Food & Drink	baguette bread
1FAD3	Food & Drink	flatbread
1F968	Food & Drink	pretzel
1F96F	Food & Drink	bagel
1F95E	Food & Drink	pancakes
1F9C7	Food & Drink	waffle
1F9C0	Food & Drink	cheese wedge
1F356	Food & Drink	meat on bone
1F357	Food & Drink	poultry leg
1F969	Food & Drink	cut of meat
1F953	Food & Drink	bacon
1F354	Food & Drink	hamburger
1F35F	Food & Drink	french fries
1F355	Food & Drink	pizza
1F32D	Food & Drink	hot dog
1F96A	Food & Drink	sandwich
1F32E	Food & Drink	taco
1F32F	Food & Drink	burrito
1FAD4	Food & Drink	tamale
1F959	Food & Drink	stuffed flatbread
1F9C6	Food & Drink	falafel
1F95A	Food & Drink	egg
1F373	Food & Drink	cooking
1F958	Food & Drink	shallow pan of food
1F372	Food & Drink	pot of food
1FAD5	Food & Drink	fondue
1F963	Food & Drink	bowl with spoon
1F957	Food & Drink	green salad
1F37F	Food & Drink	popcorn
1F9C8	Food & Drink	butter
1F9C2	Food & Drink	salt
1F96B	Food & Drink	canned food
1F371	Food & Drink	bento box
1F358	Food & Drink	rice cracker
1F359	Food & Drink	rice ball
1F35A	Food & Drink	cooked rice
1F35B	Food & Drink	curry rice
1F35C	Food & Drink	steaming bowl
1F35D	Food & Drink	spaghetti
1F360	Food & Drink	roasted sweet potato
1F362	Food & Drink	oden
1F363	Food & Drink	sushi
1F364	Food & Drink	fried shrimp
1F365	Food & Drink	fish cake with swirl
1F96E	Food & Drink	moon cake
1F361	Food & Drink	dango
1F95F	Food & Drink	dumpling
1F960	Food & Drink	fortune cookie
1F961	Food & Drink	takeout box
1F980	Food & Drink	crab
1F99E	Food & Drink	lobster
1F990	Food & Drink	shrimp
1F991	Food & Drink	squid
1F9AA	Food & Drink	oyster
1F366	Food & Drink	soft ice cream
1F367	Food & Drink	shaved ice
1F368	Food & Drink	ice cream
1F369	Food & Drink	doughnut
1F36A	Food & Drink	cookie
1F382	Food & Drink	birthday cake
1F370	Food & Drink	shortcake
1F9C1	Food & Drink	cupcake
1F967	Food & Drink	pie
1F36B	Food & Drink	chocolate bar
1F36C	Food & Drink	candy
1F36D	Food & Drink	lollipop
1F36E	Food & Drink	custard
1F36F	Food & Drink	honey pot
1F37C	Food & Drink	baby bottle
1F95B	Food & Drink	glass of milk
2615	Food & Drink	hot beverage
1FAD6	Food & Drink	teapot
1F375	Food & Drink	teacup without handle
1F376	Food & Drink	sake
1F37E	Food & Drink	bottle with popping cork
1F377	Food & Drink	wine glass
1F378	Food & Drink	cocktail glass
1F379	Food & Drink	tropical drink
1F37A	Food & Drink	beer mug
1F37B	Food & Drink	clinking beer mugs
1F942	Food & Drink	clinking glasses
1F943	Food & Drink	tumbler glass
1FAD7	Food & Drink	pouring liquid
1F964	Food & Drink	cup with straw
1F9CB	Food & Drink	bubble tea
1F9C3	Food & Drink	beverage box
1F9C9	Food & Drink	mate
1F9CA	Food & Drink	ice
1F962	Food & Drink	chopsticks
1F37D	Food & Drink	fork and knife with plate
1F374	Food & Drink	fork and knife
1F944	Food & Drink	spoon
1F52A	Food & Drink	kitchen knife
1FAD9	Food & Drink	jar
1F3FA	Food & Drink	amphora
1F30D	Travel & Places	globe showing Europe-Africa
1F30E	Travel & Places	globe showing Americas
1F30F	Travel & Places	globe showing Asia-Australia
1F310	Travel & Places	globe with meridians
1F5FA	Travel & Places	world map
1F5FE	Travel & Places	map of Japan
1F9ED	Travel & Places	compass
1F3D4	Travel & Places	snow-capped mountain
26F0	Travel & Places	mountain
1F30B	Travel & Places	volcano
1F5FB	Travel & Places	mount fuji
1F3D5	Travel & Places	camping
1F3D6	Travel & Places	beach with umbrella
1F3DC	Travel & Places	desert
1F3DD	Travel & Places	desert island
1F3DE	Travel & Places	national park
1F3DF	Travel & Places	stadium
1F3DB	Travel & Places	classical building
1F3D7	Travel & Places	building construction
1F9F1	Travel & Places	brick
1FAA8	Travel & Places	rock
1FAB5	Travel & Places	wood
1F6D6	Travel & Places	hut
1F3D8	Travel & Places	houses
1F3DA	Travel & Places	derelict house
1F3E0	Travel & Places	house
1F3E1	Travel & Places	house with garden
1F3E2	Travel & Places	office building
1F3E3	Travel & Places	Japanese post office
1F3E4	Travel & Places	post office
1F3E5	Travel & Places	hospital
1F3E6	Travel & Places	bank
1F3E8	Travel & Places	hotel
1F3E9	Travel & Places	love hotel
1F3EA	Travel & Places	convenience store
1F3EB	Travel & Places	school
1F3EC	Travel & Places	department store
1F3ED	Travel & Places	factory
1F3EF	Travel & Places	Japanese castle
1F3F0	Travel & Places	castle
1F492	Travel & Places	wedding
1F5FC	Travel & Places	Tokyo tower
1F5FD	Travel & Places	Statue of Liberty
26EA	Travel & Places	church
1F54C	Travel & Places	mosque
1F6D5	Travel & Places	hindu temple
1F54D	Travel & Places	synagogue
26E9	Travel & Places	shinto shrine
1F54B	Travel & Places	kaaba
26F2	Travel & Places	fountain
26FA	Travel & Places	tent
1F301	Travel & Places	foggy
1F303	Travel & Places	night with stars
1F3D9	Travel & Places	cityscape
1F304	Travel & Places	sunrise over mountains
1F305	Travel & Places	sunrise
1F306	Travel & Places	cityscape at dusk
1F307	Travel & Places	sunset
1F309	Travel & Places	bridge at night
2668	Travel & Places	hot springs
1F3A0	Travel & Places	carousel horse
1F6DD	Travel & Places	playground slide
1F3A1	Travel & Places	ferris wheel
1F3A2	Travel & Places	roller coaster
1F488	Travel & Places	barber pole
1F3AA	Travel & Places	circus tent
1F682	Travel & Places	locomotive
1F683	Travel & Places	railway car
1F684	Travel & Places	high-speed train
1F685	Travel & Places	bullet train
1F686	Travel & Places	train
1F687	Travel & Places	metro
1F688	Travel & Places	light rail
1F689	Travel & Places	station
1F68A	Travel & Places	tram
1F69D	Travel & Places	monorail
1F69E	Travel & Places	mountain railway
1F68B	Travel & Places	tram car
1F68C	Travel & Places	bus
1F68D	Travel & Places	oncoming bus
1F68E	Travel & Places	trolleybus
1F690	Travel & Places	minibus
1F691	Travel & Places	ambulance
1F692	Travel & Places	fire engine
1F693	Travel & Places	police car
1F694	Travel & Places	oncoming police car
1F695	Travel & Places	taxi
1F696	Travel & Places	oncoming taxi
1F697	Travel & Places	automobile
1F698	Travel & Places	oncoming automobile
1F699	Travel & Places	sport utility vehicle
1F6FB	Travel & Places	pickup truck
1F69A	Travel & Places	delivery truck
1F69B	Travel & Places	articulated lorry
1F69C	Travel & Places	tractor
1F3CE	Travel & Places	racing car
1F3CD	Travel & Places	motorcycle
1F6F5	Travel & Places	motor scooter
1F9BD	Travel & Places	manual wheelchair
1F9BC	Travel & Places	motorized wheelchair
1F6FA	Travel & Places	auto rickshaw
1F6B2	Travel & Places	bicycle
1F6F4	Travel & Places	kick scooter
1F6F9	Travel & Places	skateboard
1F6FC	Travel & Places	roller skate
1F68F	Travel & Places	bus stop
1F6E3	Travel & Places	motorway
1F6E4	Travel & Places	railway track
1F6E2	Travel & Places	oil drum
26FD	Travel & Places	fuel pump
1F6DE	Travel & Places	wheel
1F6A8	Travel & Places	police car light
1F6A5	Travel & Places	horizontal traffic light
1F6A6	Travel & Places	vertical traffic light
1F6D1	Travel & Places	stop sign
1F6A7	Travel & Places	construction
2693	Travel & Places	anchor
1F6DF	Travel & Places	ring buoy
26F5	Travel & Places	sailboat
1F6F6	Travel & Places	canoe
1F6A4	Travel & Places	speedboat
1F6F3	Travel & Places	passenger ship
26F4	Travel & Places	ferry
1F6E5	Travel & Places	motor boat
1F6A2	Travel & Places	ship
2708	Travel & Places	airplane
1F6E9	Travel & Places	small airplane
1F6EB	Travel & Places	airplane departure
1F6EC	Travel & Places	airplane arrival
1FA82	Travel & Places	parachute
1F4BA	Travel & Places	seat
1F681	Travel & Places	helicopter
1F69F	Travel & Places	suspension railway
1F6A0	Travel & Places	mountain cableway
1F6A1	Travel & Places	aerial tramway
1F6F0	Travel & Places	satellite
1F680	Travel & Places	rocket
1F6F8	Travel & Places	flying saucer
1F6CE	Travel & Places	bellhop bell
1F9F3	Travel & Places	luggage
231B	Travel & Places	hourglass done
23F3	Travel & Places	hourglass not done
231A	Travel & Places	watch
23F0	Travel & Places	alarm clock
23F1	Travel & Places	stopwatch
23F2	Travel & Places	timer clock
1F570	Travel & Places	mantelpiece clock
1F55B	Travel & Places	twelve o’clock
1F567	Travel & Places	twelve-thirty
1F550	Travel & Places	one o’clock
1F55C	Travel & Places	one-thirty
1F551	Travel & Places	two o’clock
1F55D	Travel & Places	two-thirty
1F552	Travel & Places	three o’clock
1F55E	Travel & Places	three-thirty
1F553	Travel & Places	four o’clock
1F55F	Travel & Places	four-thirty
1F554	Travel & Places	five o’clock
1F560	Travel & Places	five-thirty
1F555	Travel & Places	six o’clock
1F561	Travel & Places	six-thirty
1F556	Travel & Places	seven o’clock
1F562	Travel & Places	seven-thirty
1F557	Travel & Places	eight o’clock
1F563	Travel & Places	eight-thirty
1F558	Travel & Places	nine o’clock
1F564	Travel & Places	nine-thirty
1F559	Travel & Places	ten o’clock
1F565	Travel & Places	ten-thirty
1F55A	Travel & Places	eleven o’clock
1F566	Travel & Places	eleven-thirty
1F311	Travel & Places	new moon
1F312	Travel & Places	waxing crescent moon
1F313	Travel & Places	first quarter moon
1F314	Travel & Places	waxing gibbous moon
1F315	Travel & Places	full moon
1F316	Travel & Places	waning gibbous moon
1F317	Travel & Places	last quarter moon
1F318	Travel & Places	waning crescent moon
1F319	Travel & Places	crescent moon
1F31A	Travel & Places	new moon face
1F31B	Travel & Places	first quarter moon face
1F31C	Travel & Places	last quarter moon face
1F321	Travel & Places	thermometer
2600	Travel & Places	sun
1F31D	Travel & Places	full moon face
1F31E	Travel & Places	sun with face
1FA90	Travel & Places	ringed planet
2B50	Travel & Places	star
1F31F	Travel & Places	glowing star
1F320	Travel & Places	shooting star
1F30C	Travel & Places	milky way
2601	Travel & Places	cloud
26C5	Travel & Places	sun behind cloud
26C8	Travel & Places	cloud with lightning and rain
1F324	Travel & Places	sun behind small cloud
1F325	Travel & Places	sun behind large cloud
1F326	Travel & Places	sun behind rain cloud
1F327	Travel & Places	cloud with rain
1F328	Travel & Places	cloud with snow
1F329	Travel & Places	cloud with lightning
1F32A	Travel & Places	tornado
1F32B	Travel & Places	fog
1F32C	Travel & Places	wind face
1F300	Travel & Places	cyclone
1F308	Travel & Places	rainbow
1F302	Travel & Places	closed umbrella
2602	Travel & Places	umbrella
2614	Travel & Places	umbrella with rain drops
26F1	Travel & Places	umbrella on ground
26A1	Travel & Places	high voltage
2744	Travel & Places	snowflake
2603	Travel & Places	snowman
26C4	Travel & Places	snowman without snow
2604	Travel & Places	comet
1F525	Travel & Places	fire
1F4A7	Travel & Places	droplet
1F30A	Travel & Places	water wave
1F383	Activities	jack-o-lantern
1F384	Activities	Christmas tree
1F386	Activities	fireworks
1F387	Activities	sparkler
1F9E8	Activities	firecracker
2728	Activities	sparkles
1F388	Activities	balloon
1F389	Activities	party popper
1F38A	Activities	confetti ball
1F38B	Activities	tanabata tree
1F38D	Activities	pine decoration
1F38E	Activities	Japanese dolls
1F38F	Activities	carp streamer
1F390	Activities	wind chime
1F391	Activities	moon viewing ceremony
1F9E7	Activities	red envelope
1F380	Activities	ribbon
1F381	Activities	wrapped gift
1F397	Activities	reminder ribbon
1F39F	Activities	admission tickets
1F3AB	Activities	ticket
1F396	Activities	military medal
1F3C6	Activities	trophy
1F3C5	Activities	sports medal
1F947	Activities	1st place medal
1F948	Activities	2nd place medal
1F949	Activities	3rd place medal
26BD	Activities	soccer ball
26BE	Activities	baseball
1F94E	Activities	softball
1F3C0	Activities	basketball
1F3D0	Activities	volleyball
1F3C8	Activities	american football
1F3C9	Activities	rugby football
1F3BE	Activities	tennis
1F94F	Activities	flying disc
1F3B3	Activities	bowling
1F3CF	Activities	cricket game
1F3D1	Activities	field hockey
1F3D2	Activities	ice hockey
1F94D	Activities	lacrosse
1F3D3	Activities	ping pong
1F3F8	Activities	badminton
1F94A	Activities	boxing glove
1F94B	Activities	martial arts uniform
1F945	Activities	goal net
26F3	Activities	flag in hole
26F8	Activities	ice skate
1F3A3	Activities	fishing pole
1F93F	Activities	diving mask
1F3BD	Activities	running shirt
1F3BF	Activities	skis
1F6F7	Activities	sled
1F94C	Activities	curling stone
1F3AF	Activities	bullseye
1FA80	Activities	yo-yo
1FA81	Activities	kite
1F52B	Activities	water pistol
1F3B1	Activities	pool 8 ball
1F52E	Activities	crystal ball
1FA84	Activities	magic wand
1F3AE	Activities	video game
1F579	Activities	joystick
1F3B0	Activities	slot machine
1F3B2	Activities	game die
1F9E9	Activities	puzzle piece
1F9F8	Activities	teddy bear
1FA85	Activities	piñata
1FAA9	Activities	mirror ball
1FA86	Activities	nesting dolls
2660	Activities	spade suit
2665	Activities	heart suit
2666	Activities	diamond suit
2663	Activities	club suit
265F	Activities	chess pawn
1F0CF	Activities	joker
1F004	Activities	mahjong red dragon
1F3B4	Activities	flower playing cards
1F3AD	Activities	performing arts
1F5BC	Activities	framed picture
1F3A8	Activities	artist palette
1F9F5	Activities	thread
1FAA1	Activities	sewing needle
1F9F6	Activities	yarn
1FAA2	Activities	knot
1F453	Objects	glasses
1F576	Objects	sunglasses
1F97D	Objects	goggles
1F97C	Objects	lab coat
1F9BA	Objects	safety vest
1F454	Objects	necktie
1F455	Objects	t-shirt
1F456	Objects	jeans
1F9E3	Objects	scarf
1F9E4	Objects	gloves
1F9E5	Objects	coat
1F9E6	Objects	socks
1F457	Objects	dress
1F458	Objects	kimono
1F97B	Objects	sari
1FA71	Objects	one-piece swimsuit
1FA72	Objects	briefs
1FA73	Objects	shorts
1F459	Objects	bikini
1F45A	Objects	woman’s clothes
1FAAD	Objects	folding hand fan
1F45B	Objects	purse
1F45C	Objects	handbag
1F45D	Objects	clutch bag
1F6CD	Objects	shopping bags
1F392	Objects	backpack
1FA74	Objects	thong sandal
1F45E	Objects	man’s shoe
1F45F	Objects	running shoe
1F97E	Objects	hiking boot
1F97F	Objects	flat shoe
1F460	Objects	high-heeled shoe
1F461	Objects	woman’s sandal
1FA70	Objects	ballet shoes
1F462	Objects	woman’s boot
1FAAE	Objects	hair pick
1F451	Objects	crown
1F452	Objects	woman’s hat
1F3A9	Objects	top hat
1F393	Objects	graduation cap
1F9E2	Objects	billed cap
1FA96	Objects	military helmet
26D1	Objects	rescue worker’s helmet
1F4FF	Objects	prayer beads
1F484	Objects	lipstick
1F48D	Objects	ring
1F48E	Objects	gem stone
1F507	Objects	muted speaker
1F508	Objects	speaker low volume
1F509	Objects	speaker medium volume
1F50A	Objects	speaker high volume
1F4E2	Objects	loudspeaker
1F4E3	Objects	megaphone
1F4EF	Objects	postal horn
1F514	Objects	bell
1F515	Objects	bell with slash
1F3BC	Objects	musical score
1F3B5	Objects	musical note
1F3B6	Objects	musical notes
1F399	Objects	studio microphone
1F39A	Objects	level slider
1F39B	Objects	control knobs
1F3A4	Objects	microphone
1F3A7	Objects	headphone
1F4FB	Objects	radio
1F3B7	Objects	saxophone
1FA97	Objects	accordion
1F3B8	Objects	guitar
1F3B9	Objects	musical keyboard
1F3BA	Objects	trumpet
1F3BB	Objects	violin
1FA95	Objects	banjo
1F941	Objects	drum
1FA98	Objects	long drum
1FA87	Objects	maracas
1FA88	Objects	flute
1F4F1	Objects	mobile phone
1F4F2	Objects	mobile phone with arrow
260E	Objects	telephone
1F4DE	Objects	telephone receiver
1F4DF	Objects	pager
1F4E0	Objects	fax machine
1F50B	Objects	battery
1FAAB	Objects	low battery
1F50C	Objects	electric plug
1F4BB	Objects	laptop
1F5A5	Objects	desktop computer
1F5A8	Objects	printer
2328	Objects	keyboard
1F5B1	Objects	computer mouse
1F5B2	Objects	trackball
1F4BD	Objects	computer disk
1F4BE	Objects	floppy disk
1F4BF	Objects	optical disk
1F4C0	Objects	dvd
1F9EE	Objects	abacus
1F3A5	Objects	movie camera
1F39E	Objects	film frames
1F4FD	Objects	film projector
1F3AC	Objects	clapper board
1F4FA	Objects	television
1F4F7	Objects	camera
1F4F8	Objects	camera with flash
1F4F9	Objects	video camera
1F4FC	Objects	videocassette
1F50D	Objects	magnifying glass tilted left
1F50E	Objects	magnifying glass tilted right
1F56F	Objects	candle
1F4A1	Objects	light bulb
1F526	Objects	flashlight
1F3EE	Objects	red paper lantern
1FA94	Objects	diya lamp
1F4D4	Objects	notebook with decorative cover
1F4D5	Objects	closed book
1F4D6	Objects	open book
1F4D7	Objects	green book
1F4D8	Objects	blue book
1F4D9	Objects	orange book
1F4DA	Objects	books
1F4D3	Objects	notebook
1F4D2	Objects	ledger
1F4C3	Objects	page with curl
1F4DC	Objects	scroll
1F4C4	Objects	page facing up
1F4F0	Objects	newspaper
1F5DE	Objects	rolled-up newspaper
1F4D1	Objects	bookmark tabs
1F516	Objects	bookmark
1F3F7	Objects	label
1F4B0	Objects	money bag
1FA99	Objects	coin
1F4B4	Objects	yen banknote
1F4B5	Objects	dollar banknote
1F4B6	Objects	euro banknote
1F4B7	Objects	pound banknote
1F4B8	Objects	money with wings
1F4B3	Objects	credit card
1F9FE	Objects	receipt
1F4B9	Objects	chart increasing with yen
2709	Objects	envelope
1F4E7	Objects	e-mail
1F4E8	Objects	incoming envelope
1F4E9	Objects	envelope with arrow
1F4E4	Objects	outbox tray
1F4E5	Objects	inbox tray
1F4E6	Objects	package
1F4EB	Objects	closed mailbox with raised flag
1F4EA	Objects	closed mailbox with lowered flag
1F4EC	Objects	open mailbox with raised flag
1F4ED	Objects	open mailbox with lowered flag
1F4EE	Objects	postbox
1F5F3	Objects	ballot box with ballot
270F	Objects	pencil
2712	Objects	black nib
1F58B	Objects	fountain pen
1F58A	Objects	pen
1F58C	Objects	paintbrush
1F58D	Objects	crayon
1F4DD	Objects	memo
1F4BC	Objects	briefcase
1F4C1	Objects	file folder
1F4C2	Objects	open file folder
1F5C2	Objects	card index dividers
1F4C5	Objects	calendar
1F4C6	Objects	tear-off calendar
1F5D2	Objects	spiral notepad
1F5D3	Objects	spiral calendar
1F4C7	Objects	card index
1F4C8	Objects	chart increasing
1F4C9	Objects	chart decreasing
1F4CA	Objects	bar chart
1F4CB	Objects	clipboard
1F4CC	Objects	pushpin
1F4CD	Objects	round pushpin
1F4CE	Objects	paperclip
1F587	Objects	linked paperclips
1F4CF	Objects	straight ruler
1F4D0	Objects	triangular ruler
2702	Objects	scissors
1F5C3	Objects	card file box
1F5C4	Objects	file cabinet
1F5D1	Objects	wastebasket
1F512	Objects	locked
1F513	Objects	unlocked
1F50F	Objects	locked with pen
1F510	Objects	locked with key
1F511	Objects	key
1F5DD	Objects	old key
1F528	Objects	hammer
1FA93	Objects	axe
26CF	Objects	pick
2692	Objects	hammer and pick
1F6E0	Objects	hammer and wrench
1F5E1	Objects	dagger
2694	Objects	crossed swords
1F4A3	Objects	bomb
1FA83	Objects	boomerang
1F3F9	Objects	bow and arrow
1F6E1	Objects	shield
1FA9A	Objects	carpentry saw
1F527	Objects	wrench
1FA9B	Objects	screwdriver
1F529	Objects	nut and bolt
2699	Objects	gear
1F5DC	Objects	clamp
2696	Objects	balance scale
1F9AF	Objects	white cane
1F517	Objects	link
26D3	Objects	chains
1FA9D	Objects	hook
1F9F0	Objects	toolbox
1F9F2	Objects	magnet
1FA9C	Objects	ladder
2697	Objects	alembic
1F9EA	Objects	test tube
1F9EB	Objects	petri dish
1F9EC	Objects	dna
1F52C	Objects	microscope
1F52D	Objects	telescope
1F4E1	Objects	satellite antenna
1F489	Objects	syringe
1FA78	Objects	drop of blood
1F48A	Objects	pill
1FA79	Objects	adhesive bandage
1FA7C	Objects	crutch
1FA7A	Objects	stethoscope
1FA7B	Objects	x-ray
1F6AA	Objects	door
1F6D7	Objects	elevator
1FA9E	Objects	mirror
1FA9F	Objects	window
1F6CF	Objects	bed
1F6CB	Objects	couch and lamp
1FA91	Objects	chair
1F6BD	Objects	toilet
1FAA0	Objects	plunger
1F6BF	Objects	shower
1F6C1	Objects	bathtub
1FAA4	Objects	mouse trap
1FA92	Objects	razor
1F9F4	Objects	lotion bottle
1F9F7	Objects	safety pin
1F9F9	Objects	broom
1F9FA	Objects	basket
1F9FB	Objects	roll of paper
1FAA3	Objects	bucket
1F9FC	Objects	soap
1FAE7	Objects	bubbles
1FAA5	Objects	toothbrush
1F9FD	Objects	sponge
1F9EF	Objects	fire extinguisher
1F6D2	Objects	shopping cart
1F6AC	Objects	cigarette
26B0	Objects	coffin
1FAA6	Objects	headstone
26B1	Objects	funeral urn
1F9FF	Objects	nazar amulet
1FAAC	Objects	hamsa
1F5FF	Objects	moai
1FAA7	Objects	placard
1FAAA	Objects	identification card
1F3E7	Symbols	ATM sign
1F6AE	Symbols	litter in bin sign
1F6B0	Symbols	potable water
267F	Symbols	wheelchair symbol
1F6B9	Symbols	men’s room
1F6BA	Symbols	women’s room
1F6BB	Symbols	restroom
1F6BC	Symbols	baby symbol
1F6BE	Symbols	water closet
1F6C2	Symbols	passport control
1F6C3	Symbols	customs
1F6C4	Symbols	baggage claim
1F6C5	Symbols	left luggage
26A0	Symbols	warning
1F6B8	Symbols	children crossing
26D4	Symbols	no entry
1F6AB	Symbols	prohibited
1F6B3	Symbols	no bicycles
1F6AD	Symbols	no smoking
1F6AF	Symbols	no littering
1F6B1	Symbols	non-potable water
1F6B7	Symbols	no pedestrians
1F4F5	Symbols	no mobile phones
1F51E	Symbols	no one under eighteen
2622	Symbols	radioactive
2623	Symbols	biohazard
2B06	Symbols	up arrow
2197	Symbols	up-right arrow
27A1	Symbols	right arrow
2198	Symbols	down-right arrow
2B07	Symbols	down arrow
2199	Symbols	down-left arrow
2B05	Symbols	left arrow
2196	Symbols	up-left arrow
2195	Symbols	up-down arrow
2194	Symbols	left-right arrow
21A9	Symbols	right arrow curving left
21AA	Symbols	left arrow curving right
2934	Symbols	right arrow curving up
2935	Symbols	right arrow curving down
1F503	Symbols	clockwise vertical arrows
1F504	Symbols	counterclockwise arrows button
1F519	Symbols	BACK arrow
1F51A	Symbols	END arrow
1F51B	Symbols	ON! arrow
1F51C	Symbols	SOON arrow
1F51D	Symbols	TOP arrow
1F6D0	Symbols	place of worship
269B	Symbols	atom symbol
1F549	Symbols	om
2721	Symbols	star of David
2638	Symbols	wheel of dharma
262F	Symbols	yin yang
271D	Symbols	latin cross
2626	Symbols	orthodox cross
262A	Symbols	star and crescent
262E	Symbols	peace symbol
1F54E	Symbols	menorah
1F52F	Symbols	dotted six-pointed star
1FAAF	Symbols	khanda
2648	Symbols	Aries
2649	Symbols	Taurus
264A	Symbols	Gemini
264B	Symbols	Cancer
264C	Symbols	Leo
264D	Symbols	Virgo
264E	Symbols	Libra
264F	Symbols	Scorpio
2650	Symbols	Sagittarius
2651	Symbols	Capricorn
2652	Symbols	Aquarius
2653	Symbols	Pisces
26CE	Symbols	Ophiuchus
1F500	Symbols	shuffle tracks button
1F501	Symbols	repeat button
1F502	Symbols	repeat single button
25B6	Symbols	play button
23E9	Symbols	fast-forward button
23ED	Symbols	next track button
23EF	Symbols	play or pause button
25C0	Symbols	reverse button
23EA	Symbols	fast reverse button
23EE	Symbols	last track button
1F53C	Symbols	upwards button
23EB	Symbols	fast up button
1F53D	Symbols	downwards button
23EC	Symbols	fast down button
23F8	Symbols	pause button
23F9	Symbols	stop button
23FA	Symbols	record button
23CF	Symbols	eject button
1F3A6	Symbols	cinema
1F505	Symbols	dim button
1F506	Symbols	bright button
1F4F6	Symbols	antenna bars
1F6DC	Symbols	wireless
1F4F3	Symbols	vibration mode
1F4F4	Symbols	mobile phone off
2640	Symbols	female sign
2642	Symbols	male sign
26A7	Symbols	transgender symbol
2716	Symbols	multiply
2795	Symbols	plus
2796	Symbols	minus
2797	Symbols	divide
1F7F0	Symbols	heavy equals sign
267E	Symbols	infinity
203C	Symbols	double exclamation mark
2049	Symbols	exclamation question mark
2753	Symbols	red question mark
2754	Symbols	white question mark
2755	Symbols	white exclamation mark
2757	Symbols	red exclamation mark
3030	Symbols	wavy dash
1F4B1	Symbols	currency exchange
1F4B2	Symbols	heavy dollar sign
2695	Symbols	medical symbol
267B	Symbols	recycling symbol
269C	Symbols	fleur-de-lis
1F531	Symbols	trident emblem
1F4DB	Symbols	name badge
1F530	Symbols	Japanese symbol for beginner
2B55	Symbols	hollow red circle
2705	Symbols	check mark button
2611	Symbols	check box with check
2714	Symbols	check mark
274C	Symbols	cross mark
274E	Symbols	cross mark button
27B0	Symbols	curly loop
27BF	Symbols	double curly loop
303D	Symbols	part alternation mark
2733	Symbols	eight-spoked asterisk
2734	Symbols	eight-pointed star
2747	Symbols	sparkle
00A9	Symbols	copyright
00AE	Symbols	registered
2122	Symbols	trade mark
1F51F	Symbols	keycap: 10
1F520	Symbols	input latin uppercase
1F521	Symbols	input latin lowercase
1F522	Symbols	input numbers
1F523	Symbols	input symbols
1F524	Symbols	input latin letters
1F170	Symbols	A button (blood type)
1F18E	Symbols	AB button (blood type)
1F171	Symbols	B button (blood type)
1F191	Symbols	CL button
1F192	Symbols	COOL button
1F193	Symbols	FREE button
2139	Symbols	information
1F194	Symbols	ID button
24C2	Symbols	circled M
1F195	Symbols	NEW button
1F196	Symbols	NG button
1F17E	Symbols	O button (blood type)
1F197	Symbols	OK button
1F17F	Symbols	P button
1F198	Symbols	SOS button
1F199	Symbols	UP! button
1F19A	Symbols	VS button
1F201	Symbols	Japanese “here” button
1F202	Symbols	Japanese “service charge” button
1F237	Symbols	Japanese “monthly amount” button
1F236	Symbols	Japanese “not free of charge” button
1F22F	Symbols	Japanese “reserved” button
1F250	Symbols	Japanese “bargain” button
1F239	Symbols	Japanese “discount” button
1F21A	Symbols	Japanese “free of charge” button
1F232	Symbols	Japanese “prohibited” button
1F251	Symbols	Japanese “acceptable” button
1F238	Symbols	Japanese “application” button
1F234	Symbols	Japanese “passing grade” button
1F233	Symbols	Japanese “vacancy” button
3297	Symbols	Japanese “congratulations” button
3299	Symbols	Japanese “secret” button
1F23A	Symbols	Japanese “open for business” button
1F235	Symbols	Japanese “no vacancy” button
1F534	Symbols	red circle
1F7E0	Symbols	orange circle
1F7E1	Symbols	yellow circle
1F7E2	Symbols	green circle
1F535	Symbols	blue circle
1F7E3	Symbols	purple circle
1F7E4	Symbols	brown circle
26AB	Symbols	black circle
26AA	Symbols	white circle
1F7E5	Symbols	red square
1F7E7	Symbols	orange square
1F7E8	Symbols	yellow square
1F7E9	Symbols	green square
1F7E6	Symbols	blue square
1F7EA	Symbols	purple square
1F7EB	Symbols	brown square
2B1B	Symbols	black large square
2B1C	Symbols	white large square
25FC	Symbols	black medium square
25FB	Symbols	white medium square
25FE	Symbols	black medium-small square
25FD	Symbols	white medium-small square
25AA	Symbols	black small square
25AB	Symbols	white small square
1F536	Symbols	large orange diamond
1F537	Symbols	large blue diamond
1F538	Symbols	small orange diamond
1F539	Symbols	small blue diamond
1F53A	Symbols	red triangle pointed up
1F53B	Symbols	red triangle pointed down
1F4A0	Symbols	diamond with a dot
1F518	Symbols	radio button
1F533	Symbols	white square button
1F532	Symbols	black square button
1F3C1	Flags	chequered flag
1F6A9	Flags	triangular flag
1F38C	Flags	crossed flags
1F3F4	Flags	black flag
1F3F3	Flags	white flag
